[
  {
    "id": "tos1",
    "content": "카드사가 부가서비스를 변경하는 경우 변경사유, 변경 내용 등을 사유발생 즉시 서면교부, 우편 또는 전자우편, 전화 또는 팩스, 휴대폰 메시지 또는 이에 준하는 전자적 의사표시 중 2가지 이상의 방법으로 고지하여 드립니다. 다만, 상기 3호의 경우 부가서비스 변경일 6개월 이전부터는 서면교부, 우편 또는 전자우편, 전화 또는 팩스, 휴대폰 메시지 또는 이에 준하는 전자적 의사표시 중 2가지 이상의 방법으로 매월 고지하여 드립니다. 필요 이상의 신용카드 발급 및 사용은 개인신용평점이나 이용한도 등에 영향을 미칠 수 있습니다."
  },
  {
    "id": "tos2",
    "content": "금융소비자는 금소법 제19조 제1항에 따라 해당상품 또는 서비스에 대하여 설명을 받을 권리가 있으며, 그 설명을 듣고 내용을 충분히 이해한 후 거래하시기 바랍니다."
  },
  {
    "id": "tos3",
    "content": "신용카드 발급이 부적절한 경우(개인신용평점 낮음, 연체금 보유 등) 카드발급이 제한 될 수 있습니다."
  },
  {
    "id": "tos4",
    "content": "카드이용대금과 이에 수반되는 모든 수수료를 지정된 대금 결제일에 상환합니다."
  }
]