<?xml version="1.0" encoding="UTF-8"?>
<!DOCTYPE mapper PUBLIC "-//mybatis.org//DTD Mapper 3.0//EN" "http://mybatis.org/dtd/mybatis-3-mapper.dtd">
<mapper namespace="com.edu.wing.freeBoardComment">

    <resultMap id="freeBoardCommentResultMap" type="freeBoardCommentVo">
        <id column="FREE_BOARD_COMMENT_NO" property="freeBoardCommentNo" />
        <result column="FREE_BOARD_NO" property="freeBoardNo" />
        <result column="MEMBER_NO" property="memberNo" />
        <result column="CONTENT" property="content" />
        <result column="CRE_DATE" property="creDate" />
        <result column="MOD_DATE" property="modDate" />
        <result column="EMAIL" property="email" />
        <result column="COMPARE_DATE" property="compareDate" />
        <result column="IS_MODIFIED" property="isModified" />
    </resultMap>

    <select id="freeBoardCommentSelectList" parameterType="map" resultMap="freeBoardCommentResultMap">
        SELECT FBC.FREE_BOARD_COMMENT_NO,
        FBC.FREE_BOARD_NO, FBC.CONTENT as content, FBC.CRE_DATE, FBC.MOD_DATE, FBC.MEMBER_NO, M.EMAIL,
        CASE
            WHEN FBC.MOD_DATE > FBC.CRE_DATE THEN 1
            ELSE 0
            END AS IS_MODIFIED,
        CASE
            WHEN FBC.MOD_DATE > FBC.CRE_DATE THEN FBC.MOD_DATE
            ELSE FBC.CRE_DATE
        END AS COMPARE_DATE
        FROM FREE_BOARD_COMMENT FBC
        JOIN MEMBER M ON FBC.MEMBER_NO = M.MEMBER_NO
        WHERE FBC.FREE_BOARD_NO = #{freeBoardNo}
    </select>

    <insert id="addComment" parameterType="freeBoardCommentVo">
        INSERT INTO FREE_BOARD_COMMENT (FREE_BOARD_COMMENT_NO, FREE_BOARD_NO, MEMBER_NO, CONTENT, CRE_DATE)
        VALUES (FREE_BOARD_COMMENT_NO_SEQ.NEXTVAL, #{freeBoardNo}, #{memberNo}, #{content}, SYSDATE)
    </insert>

    <delete id="deleteComment" parameterType="int">
        DELETE FROM FREE_BOARD_COMMENT
        WHERE FREE_BOARD_COMMENT_NO = #{freeBoardCommentNo}
    </delete>

    <update id="updateComment" parameterType="freeBoardCommentVo">
        UPDATE FREE_BOARD_COMMENT
        SET CONTENT = #{content} , MOD_DATE = SYSDATE
        WHERE FREE_BOARD_COMMENT_NO = #{freeBoardCommentNo}
    </update>

    <select id="compareFreeBoardComment" parameterType="freeBoardCommentVo" resultMap="freeBoardCommentResultMap">
        SELECT FREE_BOARD_COMMENT_NO, CONTENT
        FROM FREE_BOARD_COMMENT
        WHERE FREE_BOARD_COMMENT_NO = #{freeBoardCommentNo}
    </select>
</mapper>