<?xml version="1.0" encoding="UTF-8"?>
<!DOCTYPE mapper PUBLIC "-//mybatis.org//DTD Mapper 3.0//EN" "http://mybatis.org/dtd/mybatis-3-mapper.dtd">
<mapper namespace="com.edu.wing.accountbook">

    <resultMap id="accountBookResultMap" type="AccountBookVo">
        <id property="accountBookNo" column="ACCOUNT_BOOK_NO"/>
        <result property="plusCategoryNo" column="PLUS_CATEGORY_NO"/>
        <result property="minusCategoryNo" column="MINUS_CATEGORY_NO"/>
        <result property="memberNo" column="MEMBER_NO"/>
        <result property="paymentMethodNo" column="PAYMENT_METHOD_NO"/>
        <result property="creDate" column="CRE_DATE"/>
        <result property="content" column="CONTENT"/>
        <result property="paymentAmount" column="PAYMENT_AMOUNT"/>
        <result property="minusCategoryName" column="MINUS_CATEGORY_NAME"/>
        <result property="memberEmail" column="MEMBER_EMAIL"/>
        <result property="paymentMethodName" column="PAYMENT_METHOD_NAME"/>
        <result property="plusCategoryName" column="PLUS_CATEGORY_NAME"/>
        <result property="isDeleted" column="IS_DELETED" />
    </resultMap>
  
    <!-- 밑에3개는 추후수정-->

    <select id="selectAccountBook" resultType="AccountBookVo">
        SELECT ab.ACCOUNT_BOOK_NO,
               mc.CATEGORY_NAME AS MINUS_CATEGORY_NAME, -- MINUS_CATEGORY의 CATEGORY_NAME
               m.EMAIL          AS MEMBER_EMAIL,        -- MEMBER 테이블의 EMAIL
               pm.PAYMENT_METHOD_NAME,                  -- PAYMENT_METHOD의 PAYMENT_METHOD_NAME
               ab.CRE_DATE,
               ab.PAYMENT_AMOUNT AS paymentAmount
        FROM ACCOUNT_BOOK ab
                 LEFT JOIN MINUS_CATEGORY mc ON ab.MINUS_CATEGORY_NO = mc.CATEGORY_NO
                 LEFT JOIN MEMBER m ON ab.MEMBER_NO = m.MEMBER_NO
                 LEFT JOIN PAYMENT_METHOD pm ON ab.PAYMENT_METHOD_NO = pm.PAYMENT_METHOD_NO
        WHERE ab.PLUS_CATEGORY_NO = 1 -- PLUS_CATEGORY_NO가 1인 경우
          AND ab.IS_DELETED='false' --비삭제
        ORDER BY ACCOUNT_BOOK_NO DESC
    </select>


    <select id="selectMinusCategories" resultType="String">
        SELECT CATEGORY_NAME
        FROM MINUS_CATEGORY
        WHERE CATEGORY_NO != 1
    </select>
  
    <select id="selectPlusCategories" resultType="String">
        SELECT CATEGORY_NAME
        FROM PLUS_CATEGORY
        WHERE CATEGORY_NO != 1
    </select>

    <select id="selectPaymentMethods" resultType="String">
        SELECT PAYMENT_METHOD_NAME
        FROM PAYMENT_METHOD
    </select>

    <select id="selectAccountBooks" parameterType="map" resultMap="accountBookResultMap">
        SELECT ab.ACCOUNT_BOOK_NO,
               mc.CATEGORY_NAME AS MINUS_CATEGORY_NAME, -- MINUS_CATEGORY의 CATEGORY_NAME
               m.EMAIL          AS MEMBER_EMAIL,        -- MEMBER 테이블의 EMAIL
               pm.PAYMENT_METHOD_NAME,                  -- PAYMENT_METHOD의 PAYMENT_METHOD_NAME
               ab.CRE_DATE,
               ab.PAYMENT_AMOUNT
        FROM ACCOUNT_BOOK ab
                 LEFT JOIN MINUS_CATEGORY mc ON ab.MINUS_CATEGORY_NO = mc.CATEGORY_NO
                 LEFT JOIN MEMBER m ON ab.MEMBER_NO = m.MEMBER_NO
                 LEFT JOIN PAYMENT_METHOD pm ON ab.PAYMENT_METHOD_NO = pm.PAYMENT_METHOD_NO
        WHERE (#{category} = 'all' OR mc.CATEGORY_NAME = #{category})
          AND (#{paymentMethod} = 'all' OR pm.PAYMENT_METHOD_NAME = #{paymentMethod})
          AND ab.PLUS_CATEGORY_NO = 1 --가계부 소비만출력
          AND ab.IS_DELETED='false'
        ORDER BY ACCOUNT_BOOK_NO DESC
    </select>

    <!-- 상위 3개 결제 방법 조회 쿼리 -->
    <select id="getTopPaymentMethods" resultType="AccountBookVo">
      <![CDATA[
          SELECT PAYMENT_METHOD_NAME, usage_count
          FROM (SELECT ab.PAYMENT_METHOD_NO,
                       pm.PAYMENT_METHOD_NAME,
                       COUNT(*) AS usage_count
                FROM ACCOUNT_BOOK ab
                         JOIN PAYMENT_METHOD pm ON ab.PAYMENT_METHOD_NO = pm.PAYMENT_METHOD_NO
                WHERE ab.IS_DELETED = 'false'
                GROUP BY ab.PAYMENT_METHOD_NO, pm.PAYMENT_METHOD_NAME
                ORDER BY COUNT(*) DESC)
          WHERE ROWNUM <= 3
        ]]>
    </select>

    <select id="getTopCategories" resultType="AccountBookVo">
      <![CDATA[
            SELECT *
            FROM (SELECT mc.CATEGORY_NAME            AS minusCategoryName,
                         COUNT(ab.MINUS_CATEGORY_NO) AS usage_count
                  FROM ACCOUNT_BOOK ab
                           JOIN
                       MINUS_CATEGORY mc ON ab.MINUS_CATEGORY_NO = mc.CATEGORY_NO
                  WHERE ab.IS_DELETED = 'false'
                  GROUP BY mc.CATEGORY_NAME
                  ORDER BY COUNT(ab.MINUS_CATEGORY_NO) DESC)
            WHERE ROWNUM <= 3
        ]]>
    </select>
  

  
    <!--여기서부터 member영역-->
    <!--이건 날짜호출용-->
    <select id="selectAccountBookByMonth" resultType="AccountBookVo">
    <![CDATA[
        SELECT *
        FROM (
               SELECT ab.ACCOUNT_BOOK_NO,
                      ab.PLUS_CATEGORY_NO,
                      ab.MINUS_CATEGORY_NO,
                      ab.MEMBER_NO,
                      ab.PAYMENT_METHOD_NO,
                      ab.CRE_DATE,
                      ab.CONTENT,
                      ab.PAYMENT_AMOUNT,
                      mc.CATEGORY_NAME       AS minusCategoryName,
                      pc.CATEGORY_NAME       AS plusCategoryName,
                      pm.PAYMENT_METHOD_NAME AS paymentMethodName
               FROM ACCOUNT_BOOK ab
                        LEFT JOIN MINUS_CATEGORY mc ON ab.MINUS_CATEGORY_NO = mc.CATEGORY_NO
                        LEFT JOIN PLUS_CATEGORY pc ON ab.PLUS_CATEGORY_NO = pc.CATEGORY_NO
                        LEFT JOIN PAYMENT_METHOD pm ON ab.PAYMENT_METHOD_NO = pm.PAYMENT_METHOD_NO
               WHERE ab.CRE_DATE >= #{startDate}
                 AND ab.CRE_DATE < #{endDate}
                 AND ab.MEMBER_NO = #{memberNo}
                 AND ab.IS_DELETED ='false'
               ORDER BY ab.CRE_DATE DESC -- 작성일 기준 내림차순 정렬
             )
        WHERE ROWNUM <= #{limit} -- 최근 N개 선택
        ]]>
    </select>
  
    <!--이건 초기화면용 최근몇개호출함-->
    <select id="selectAccountBookByRecentDate" resultType="AccountBookVo">
    <![CDATA[
        SELECT *
        FROM (SELECT ab.ACCOUNT_BOOK_NO, ab.PLUS_CATEGORY_NO, ab.MINUS_CATEGORY_NO, ab.MEMBER_NO, ab.PAYMENT_METHOD_NO
              , ab.CRE_DATE, ab.CONTENT, ab.PAYMENT_AMOUNT, mc.CATEGORY_NAME AS minusCategoryName
              , pc.CATEGORY_NAME AS plusCategoryName, pm.PAYMENT_METHOD_NAME AS paymentMethodName
              FROM ACCOUNT_BOOK ab
                 LEFT JOIN MINUS_CATEGORY mc ON ab.MINUS_CATEGORY_NO = mc.CATEGORY_NO
                 LEFT JOIN PLUS_CATEGORY pc ON ab.PLUS_CATEGORY_NO = pc.CATEGORY_NO
                 LEFT JOIN PAYMENT_METHOD pm ON ab.PAYMENT_METHOD_NO = pm.PAYMENT_METHOD_NO
              WHERE ab.MEMBER_NO = #{memberNo}
              ORDER BY ab.CRE_DATE DESC -- 작성일 기준 내림차순 정렬
             )
        WHERE ROWNUM <= #{limit} -- 최근 N개 선택
        ]]>
    </select>
  
    <!-- 월별 가계부 세기용 -->
    <select id="selectMonthlyEntryCount" resultType="int">
    <![CDATA[
        SELECT COUNT(*)
        FROM ACCOUNT_BOOK ab
        WHERE ab.CRE_DATE >= #{startDate}
          AND ab.CRE_DATE < #{endDate}
          AND ab.MEMBER_NO = #{memberNo}
          AND ab.IS_DELETED = 'false'
        ]]>
    </select>

    <!-- 월별 가계부 총지출/수입내역 가져오기 -->
    <select id="getMonthlyEntries" parameterType="map" resultType="AccountBookVo">
        <![CDATA[
          SELECT
              ab.PLUS_CATEGORY_NO,
              ab.MINUS_CATEGORY_NO,
              ab.PAYMENT_AMOUNT
          FROM ACCOUNT_BOOK ab
          WHERE ab.CRE_DATE >= #{startDate}
            AND ab.CRE_DATE < #{endDate}
            AND ab.MEMBER_NO = #{memberNo}
            AND ab.IS_DELETED = 'false'
        ]]>
    </select>
    <!-- 가계부 추가 -->

    <insert id="insertAccountBook" parameterType="map">
        INSERT INTO ACCOUNT_BOOK (ACCOUNT_BOOK_NO, PLUS_CATEGORY_NO, MINUS_CATEGORY_NO, MEMBER_NO, PAYMENT_METHOD_NO
            , CRE_DATE, CONTENT, PAYMENT_AMOUNT)
        VALUES (ACCOUNT_BOOK_NO_SEQ.NEXTVAL, #{plusCategoryNo}, #{minusCategoryNo}, #{memberNo}, #{paymentMethodNo}
            , #{creDate}, #{content}, #{paymentAmount})
        <selectKey keyProperty="accountBookNo" resultType="int" order="AFTER">
            SELECT ACCOUNT_BOOK_NO_SEQ.CURRVAL FROM DUAL
        </selectKey>
    </insert>
        <!--디테일용-->
    <select id="selectAccountBookDetail" resultType="AccountBookVo">
      <![CDATA[
          SELECT ab.ACCOUNT_BOOK_NO,
                 ab.PLUS_CATEGORY_NO,
                 ab.MINUS_CATEGORY_NO,
                 ab.MEMBER_NO,
                 ab.PAYMENT_METHOD_NO,
                 ab.CRE_DATE,
                 ab.CONTENT,
                 ab.PAYMENT_AMOUNT,
                  mc.CATEGORY_NAME AS minusCategoryName, -- NULL인 경우 기본값
                 pc.CATEGORY_NAME AS plusCategoryName,  -- NULL인 경우 기본값
                 pm.PAYMENT_METHOD_NAME AS paymentMethodName,
                 pb.PAYBACK_NO as paybackNo,
                 sc.SELLING_CARD_NO as sellingCardNo
          FROM ACCOUNT_BOOK ab
                   LEFT JOIN MINUS_CATEGORY mc ON ab.MINUS_CATEGORY_NO = mc.CATEGORY_NO
                   LEFT JOIN PLUS_CATEGORY pc ON ab.PLUS_CATEGORY_NO = pc.CATEGORY_NO
                   LEFT JOIN PAYMENT_METHOD pm ON ab.PAYMENT_METHOD_NO = pm.PAYMENT_METHOD_NO
                   LEFT JOIN PAYBACK pb ON ab.MEMBER_NO =pb. MEMBER_NO
                        AND pb.ACCOUNT_BOOK_NO = ab.ACCOUNT_BOOK_NO
                   LEFT JOIN SELLING_CARD SC ON   pb.SELLING_CARD_NO = SC.SELLING_CARD_NO

          WHERE ab.ACCOUNT_BOOK_NO = #{accountBookNo}
            AND ab.MEMBER_NO = #{memberNo}
          ]]>
    </select>

    <!-- 회원 카드 구매 후 자동으로 가계부에 기입되는 데이터   -->
    <insert id="cardPurchaseOfAccountBook" parameterType="accountBookVo">
        INSERT INTO ACCOUNT_BOOK (ACCOUNT_BOOK_NO, PLUS_CATEGORY_NO, MINUS_CATEGORY_NO, MEMBER_NO, PAYMENT_METHOD_NO, CONTENT, PAYMENT_AMOUNT)
        VALUES (ACCOUNT_BOOK_NO_SEQ.NEXTVAL, 1, 4, #{memberNo}, 3, #{content}, 12000)
    </insert>

    <!-- 회원 카드 구매 후 데이터 조회 -->
    <select id="verifyTodayCardPurchaseAccountBookEntry" parameterType="accountBookVo" resultMap="accountBookResultMap">
        SELECT ACCOUNT_BOOK_NO, MINUS_CATEGORY_NO, MEMBER_NO, PAYMENT_METHOD_NO, CONTENT, CRE_DATE
        FROM ACCOUNT_BOOK
        WHERE MINUS_CATEGORY_NO = 4
        AND MEMBER_NO = #{memberNo}
        AND PAYMENT_METHOD_NO = 3
        AND CONTENT = #{content}
        AND PAYMENT_AMOUNT = 12000
        AND TRUNC(CRE_DATE) = TRUNC(SYSDATE)
    </select>
  
    <!-- 가계부 삭제 쿼리 -->
    <delete id="deleteAccountBook" parameterType="int">
        DELETE FROM ACCOUNT_BOOK WHERE ACCOUNT_BOOK_NO = #{accountBookNo}
    </delete>
    <update id="softDeleteAccountBook">
        UPDATE ACCOUNT_BOOK
        SET IS_DELETED ='true'
        WHERE ACCOUNT_BOOK_NO = #{accountBookNo}
    </update>
    <update id="softAllDeleteAccountBook">
        UPDATE ACCOUNT_BOOK
        SET IS_DELETED ='true'
        WHERE MEMBER_NO = #{memberNo}
    </update>

    <!-- 업데이트 쿼리 -->
    <update id="updateAccountBook" parameterType="map">
        UPDATE ACCOUNT_BOOK
        SET
            PLUS_CATEGORY_NO = #{plusCategoryNo},
            MINUS_CATEGORY_NO = #{minusCategoryNo},
            PAYMENT_METHOD_NO = #{paymentMethodNo},
            CRE_DATE = #{creDate},
            CONTENT = #{content},
            PAYMENT_AMOUNT = #{paymentAmount}
        WHERE ACCOUNT_BOOK_NO = #{accountBookNo}
        AND MEMBER_NO = #{memberNo}
    </update>

    <!-- 가계부 삭제 쿼리 -->
    <delete id="deleteAllAccountBook" parameterType="int">
        DELETE FROM ACCOUNT_BOOK WHERE MEMBER_NO = #{memberNo}
    </delete>

    <!--월수입만필터링-->
    <select id="selectMonthlyExpenseBook" resultType="AccountBookVo">
    <![CDATA[
        SELECT *
        FROM (
                 SELECT ab.ACCOUNT_BOOK_NO,
                        ab.PLUS_CATEGORY_NO,
                        ab.MINUS_CATEGORY_NO,
                        ab.MEMBER_NO,
                        ab.PAYMENT_METHOD_NO,
                        ab.CRE_DATE,
                        ab.CONTENT,
                        ab.PAYMENT_AMOUNT,
                        mc.CATEGORY_NAME       AS minusCategoryName,
                        pc.CATEGORY_NAME       AS plusCategoryName,
                        pm.PAYMENT_METHOD_NAME AS paymentMethodName
                 FROM ACCOUNT_BOOK ab
                          LEFT JOIN MINUS_CATEGORY mc ON ab.MINUS_CATEGORY_NO = mc.CATEGORY_NO
                          LEFT JOIN PLUS_CATEGORY pc ON ab.PLUS_CATEGORY_NO = pc.CATEGORY_NO
                          LEFT JOIN PAYMENT_METHOD pm ON ab.PAYMENT_METHOD_NO = pm.PAYMENT_METHOD_NO
                 WHERE ab.CRE_DATE >= #{startDate}
                   AND ab.CRE_DATE < #{endDate}
                   AND ab.MEMBER_NO = #{memberNo}
                   AND ab.IS_DELETED = 'false'
                   AND ab.PlUS_CATEGORY_NO = 1  -- 수입 항목만 필터링
                 ORDER BY ab.CRE_DATE DESC -- 작성일 기준 내림차순 정렬
             )
        ]]>
    </select>
    <!--월수입만필터링-->
    <select id="selectMonthlyIncomeBook" resultType="AccountBookVo">
    <![CDATA[
        SELECT *
        FROM (
                 SELECT ab.ACCOUNT_BOOK_NO,
                        ab.PLUS_CATEGORY_NO,
                        ab.MINUS_CATEGORY_NO,
                        ab.MEMBER_NO,
                        ab.PAYMENT_METHOD_NO,
                        ab.CRE_DATE,
                        ab.CONTENT,
                        ab.PAYMENT_AMOUNT,
                        mc.CATEGORY_NAME       AS minusCategoryName,
                        pc.CATEGORY_NAME       AS plusCategoryName,
                        pm.PAYMENT_METHOD_NAME AS paymentMethodName
                 FROM ACCOUNT_BOOK ab
                          LEFT JOIN MINUS_CATEGORY mc ON ab.MINUS_CATEGORY_NO = mc.CATEGORY_NO
                          LEFT JOIN PLUS_CATEGORY pc ON ab.PLUS_CATEGORY_NO = pc.CATEGORY_NO
                          LEFT JOIN PAYMENT_METHOD pm ON ab.PAYMENT_METHOD_NO = pm.PAYMENT_METHOD_NO
                 WHERE ab.CRE_DATE >= #{startDate}
                   AND ab.CRE_DATE < #{endDate}
                   AND ab.MEMBER_NO = #{memberNo}
                   AND ab.IS_DELETED = 'false'
                   AND ab.MINUS_CATEGORY_NO = 1  -- 소비 항목만 필터링
                 ORDER BY ab.CRE_DATE DESC -- 작성일 기준 내림차순 정렬
             )
        ]]>
    </select>

    <!-- 월별 가계부 총 수입내역 중 페이백 예정 금액가져오기 -->
    <select id="getMonthlyPayback" parameterType="map" resultType="AccountBookVo">
        <![CDATA[
        SELECT pb.PAYBACK_AMOUNT,
                pb.PAYBACK_DATE
        FROM ACCOUNT_BOOK ab
        JOIN PAYBACK pb ON ab.ACCOUNT_BOOK_NO = pb.ACCOUNT_BOOK_NO
        WHERE ab.CRE_DATE >= #{startDate}
          AND ab.CRE_DATE < #{endDate}
          AND ab.MEMBER_NO = #{memberNo}
          AND ab.IS_DELETED = 'false'
        ]]>
    </select>

    <select id="getCardDetailForMypage" parameterType="map"  resultType="AccountBookVo">
        SELECT AB.ACCOUNT_BOOK_NO, AB.CRE_DATE, AB.CONTENT, MC.CATEGORY_NAME as minusCategoryName, AB.PAYMENT_AMOUNT, PB.PAYBACK_AMOUNT as paybackAmount
        FROM ACCOUNT_BOOK AB
                 JOIN MINUS_CATEGORY MC ON AB.MINUS_CATEGORY_NO = MC.CATEGORY_NO
                 JOIN PAYBACK PB ON AB.ACCOUNT_BOOK_NO = PB.ACCOUNT_BOOK_NO
                JOIN SELLING_CARD SC ON  PB.SELLING_CARD_NO = SC.SELLING_CARD_NO
        <where> SC.MEMBER_NO = #{memberNo}
            AND AB.IS_DELETED = 'false'
        <if test="categoryNo != null">
            AND AB.MINUS_CATEGORY_NO = #{categoryNo}
        </if>
        <if test="startDate != null">
            AND AB.CRE_DATE = #{startDate}
        </if>
        </where>
        ORDER BY AB.CRE_DATE DESC
    </select>

    <update id="updatePayback" parameterType="map">
        UPDATE PAYBACK
        SET PAYBACK_AMOUNT = (
            SELECT  #{paybackAmount} * (CB.CARD_PERCENTAGE / 100)
            FROM ACCOUNT_BOOK AB
            LEFT JOIN SELLING_CARD SC ON AB.MEMBER_NO = SC.MEMBER_NO
            JOIN CARD_BENEFIT CB ON SC.CARD_NO = CB.CARD_NO
            JOIN MINUS_CATEGORY MC ON AB.MINUS_CATEGORY_NO = MC.CATEGORY_NO
            WHERE AB.ACCOUNT_BOOK_NO = #{accountBookNo}
            AND AB.MEMBER_NO = #{memberNo}
              AND AB.PAYMENT_METHOD_NO=2
              AND REPLACE(CB.CARD_BENEFIT_DIVISION, '할인', '') = MC.CATEGORY_NAME
            )
        WHERE MEMBER_NO= #{memberNo}
        AND PAYBACK_NO= #{paybackNo}
        AND ACCOUNT_BOOK_NO= #{accountBookNo}
    </update>


</mapper>
